<?xml version="1.0" encoding="UTF-8"?><?xml-stylesheet type='text/xsl' href='_UpgradeReport_Files/UpgradeReport.xslt'?><UpgradeLog>
<Properties><Property Name="Solution" Value="AVR ART-NET Config">
</Property><Property Name="Projektmappendatei" Value="C:\Dokumente und Einstellungen\Besitzer\Desktop\Art-Net_Node\AVR_ARTNET_IPConfig_VB2005\AVR ART-NET Config\AVR ART-NET Config.sln">
</Property><Property Name="Benutzeroptionendatei" Value="C:\Dokumente und Einstellungen\Besitzer\Desktop\Art-Net_Node\AVR_ARTNET_IPConfig_VB2005\AVR ART-NET Config\AVR ART-NET Config.suo">
</Property><Property Name="Date" Value="Sonntag, 8. April 2012">
</Property><Property Name="Time" Value="14:14">
</Property></Properties><Event ErrorLevel="0" Project="" Source="AVR ART-NET Config.sln" Description="Datei wurde erfolgreich als &quot;C:\Dokumente und Einstellungen\Besitzer\Desktop\Art-Net_Node\AVR_ARTNET_IPConfig_VB2005\AVR ART-NET Config\Backup\AVR ART-NET Config.sln&quot; gesichert">
</Event><Event ErrorLevel="0" Project="" Source="AVR ART-NET Config.suo" Description="Datei wurde erfolgreich als &quot;C:\Dokumente und Einstellungen\Besitzer\Desktop\Art-Net_Node\AVR_ARTNET_IPConfig_VB2005\AVR ART-NET Config\Backup\AVR ART-NET Config.suo&quot; gesichert">
</Event><Event ErrorLevel="0" Project="AVR ART-NET Config" Source="AVR ART-NET Config\AVR ART-NET Config.vbproj" Description="Projektdatei erfolgreich gesichert als C:\Dokumente und Einstellungen\Besitzer\Desktop\Art-Net_Node\AVR_ARTNET_IPConfig_VB2005\AVR ART-NET Config\Backup\AVR ART-NET Config\AVR ART-NET Config.vbproj">
</Event><Event ErrorLevel="0" Project="AVR ART-NET Config" Source="AVR ART-NET Config\Form1.vb" Description="Datei erfolgreich gesichert als C:\Dokumente und Einstellungen\Besitzer\Desktop\Art-Net_Node\AVR_ARTNET_IPConfig_VB2005\AVR ART-NET Config\Backup\AVR ART-NET Config\Form1.vb">
</Event><Event ErrorLevel="0" Project="AVR ART-NET Config" Source="AVR ART-NET Config\Form1.Designer.vb" Description="Datei erfolgreich gesichert als C:\Dokumente und Einstellungen\Besitzer\Desktop\Art-Net_Node\AVR_ARTNET_IPConfig_VB2005\AVR ART-NET Config\Backup\AVR ART-NET Config\Form1.Designer.vb">
</Event><Event ErrorLevel="0" Project="AVR ART-NET Config" Source="AVR ART-NET Config\My Project\AssemblyInfo.vb" Description="Datei erfolgreich gesichert als C:\Dokumente und Einstellungen\Besitzer\Desktop\Art-Net_Node\AVR_ARTNET_IPConfig_VB2005\AVR ART-NET Config\Backup\AVR ART-NET Config\My Project\AssemblyInfo.vb">
</Event><Event ErrorLevel="0" Project="AVR ART-NET Config" Source="AVR ART-NET Config\My Project\Application.Designer.vb" Description="Datei erfolgreich gesichert als C:\Dokumente und Einstellungen\Besitzer\Desktop\Art-Net_Node\AVR_ARTNET_IPConfig_VB2005\AVR ART-NET Config\Backup\AVR ART-NET Config\My Project\Application.Designer.vb">
</Event><Event ErrorLevel="0" Project="AVR ART-NET Config" Source="AVR ART-NET Config\My Project\Resources.Designer.vb" Description="Datei erfolgreich gesichert als C:\Dokumente und Einstellungen\Besitzer\Desktop\Art-Net_Node\AVR_ARTNET_IPConfig_VB2005\AVR ART-NET Config\Backup\AVR ART-NET Config\My Project\Resources.Designer.vb">
</Event><Event ErrorLevel="0" Project="AVR ART-NET Config" Source="AVR ART-NET Config\My Project\Settings.Designer.vb" Description="Datei erfolgreich gesichert als C:\Dokumente und Einstellungen\Besitzer\Desktop\Art-Net_Node\AVR_ARTNET_IPConfig_VB2005\AVR ART-NET Config\Backup\AVR ART-NET Config\My Project\Settings.Designer.vb">
</Event><Event ErrorLevel="0" Project="AVR ART-NET Config" Source="AVR ART-NET Config\My Project\Application.myapp" Description="Datei erfolgreich gesichert als C:\Dokumente und Einstellungen\Besitzer\Desktop\Art-Net_Node\AVR_ARTNET_IPConfig_VB2005\AVR ART-NET Config\Backup\AVR ART-NET Config\My Project\Application.myapp">
</Event><Event ErrorLevel="0" Project="AVR ART-NET Config" Source="AVR ART-NET Config\My Project\Settings.settings" Description="Datei erfolgreich gesichert als C:\Dokumente und Einstellungen\Besitzer\Desktop\Art-Net_Node\AVR_ARTNET_IPConfig_VB2005\AVR ART-NET Config\Backup\AVR ART-NET Config\My Project\Settings.settings">
</Event><Event ErrorLevel="0" Project="AVR ART-NET Config" Source="AVR ART-NET Config\Form1.resx" Description="Datei erfolgreich gesichert als C:\Dokumente und Einstellungen\Besitzer\Desktop\Art-Net_Node\AVR_ARTNET_IPConfig_VB2005\AVR ART-NET Config\Backup\AVR ART-NET Config\Form1.resx">
</Event><Event ErrorLevel="0" Project="AVR ART-NET Config" Source="AVR ART-NET Config\My Project\Resources.resx" Description="Datei erfolgreich gesichert als C:\Dokumente und Einstellungen\Besitzer\Desktop\Art-Net_Node\AVR_ARTNET_IPConfig_VB2005\AVR ART-NET Config\Backup\AVR ART-NET Config\My Project\Resources.resx">
</Event><Event ErrorLevel="0" Project="AVR ART-NET Config" Source="AVR ART-NET Config\AVR ART-NET Config.vbproj" Description="Projekt erfolgreich konvertiert">
</Event><Event ErrorLevel="3" Project="AVR ART-NET Config" Source="AVR ART-NET Config\AVR ART-NET Config.vbproj" Description="Converted">
</Event><Event ErrorLevel="0" Project="" Source="AVR ART-NET Config.sln" Description="Die Projektmappe wurde erfolgreich konvertiert.">
</Event><Event ErrorLevel="3" Project="" Source="AVR ART-NET Config.sln" Description="Converted">
</Event><Event ErrorLevel="0" Project="AVR ART-NET Config" Source="AVR ART-NET Config\AVR ART-NET Config.vbproj" Description="Überprüfung abgeschlossen: Upgrade der Projektdateien nicht erforderlich.">
</Event></UpgradeLog>