<?xml version="1.0" encoding="Windows-1252"?>
<?xml-stylesheet type='text/xsl' href='AVRStudioConversionLog.xslt'?>
<ConversionLog>
  <Project name="AvrArtNode" id="AvrArtNode" status="Success">
    <LogEntry>
      <Type>Info</Type>
      <DateTime>26.02.2012 15:00:37</DateTime>
      <Message>Source Project Path: C:\Dokumente und Einstellungen\Besitzer\Desktop\Art-Net_Node\SourceCode_M328_V1_2\AvrArtNode.aps</Message>
      <Exception>
      </Exception>
    </LogEntry>
    <LogEntry>
      <Type>Info</Type>
      <DateTime>26.02.2012 15:00:37</DateTime>
      <Message>Studio5 Project Path: C:\Dokumente und Einstellungen\Besitzer\Desktop\Art-Net_Node\SourceCode_M328_V1_2\AvrArtNode.avrgccproj</Message>
      <Exception>
      </Exception>
    </LogEntry>
    <LogEntry>
      <Type>Info</Type>
      <DateTime>26.02.2012 15:00:37</DateTime>
      <Message>Studio5 Solution Path: C:\Dokumente und Einstellungen\Besitzer\Desktop\Art-Net_Node\SourceCode_M328_V1_2\AvrArtNode.atsln</Message>
      <Exception>
      </Exception>
    </LogEntry>
    <LogEntry>
      <Type>Info</Type>
      <DateTime>26.02.2012 15:00:37</DateTime>
      <Message>Started : Processing General settings from source project</Message>
      <Exception>
      </Exception>
    </LogEntry>
    <LogEntry>
      <Type>Info</Type>
      <DateTime>26.02.2012 15:00:37</DateTime>
      <Message>Completed : Processing General settings from source project</Message>
      <Exception>
      </Exception>
    </LogEntry>
    <LogEntry>
      <Type>Info</Type>
      <DateTime>26.02.2012 15:00:37</DateTime>
      <Message>Started : Processing Project files information from source project</Message>
      <Exception>
      </Exception>
    </LogEntry>
    <LogEntry>
      <Type>Info</Type>
      <DateTime>26.02.2012 15:00:37</DateTime>
      <Message>Completed : Processing Project files information from source project</Message>
      <Exception>
      </Exception>
    </LogEntry>
    <LogEntry>
      <Type>Info</Type>
      <DateTime>26.02.2012 15:00:37</DateTime>
      <Message>Started : Processing Build Dependency settings from the source project</Message>
      <Exception>
      </Exception>
    </LogEntry>
    <LogEntry>
      <Type>Warning</Type>
      <DateTime>26.02.2012 15:00:37</DateTime>
      <Message>Skipped reading Build Dependency settings from source project. It is either invalid or not provided.</Message>
      <Exception>
      </Exception>
    </LogEntry>
    <LogEntry>
      <Type>Info</Type>
      <DateTime>26.02.2012 15:00:38</DateTime>
      <Message>Completed : Processing Build Dependency settings from the source project</Message>
      <Exception>
      </Exception>
    </LogEntry>
    <LogEntry>
      <Type>Info</Type>
      <DateTime>26.02.2012 15:00:38</DateTime>
      <Message>Started : Processing ProjectLevel Toolchain settings from source project</Message>
      <Exception>
      </Exception>
    </LogEntry>
    <LogEntry>
      <Type>Info</Type>
      <DateTime>26.02.2012 15:00:38</DateTime>
      <Message>Completed : Processing ProjectLevel Toolchain settings from source project</Message>
      <Exception>
      </Exception>
    </LogEntry>
    <LogEntry>
      <Type>Info</Type>
      <DateTime>26.02.2012 15:00:38</DateTime>
      <Message>Started : Processing Toolchain settings from source project [Configuration default]</Message>
      <Exception>
      </Exception>
    </LogEntry>
    <LogEntry>
      <Type>Info</Type>
      <DateTime>26.02.2012 15:00:38</DateTime>
      <Message>Completed : Processing Toolchain settings from source project [Configuration default]</Message>
      <Exception>
      </Exception>
    </LogEntry>
    <LogEntry>
      <Type>Info</Type>
      <DateTime>26.02.2012 15:00:38</DateTime>
      <Message>Started : Processing external makefile settings [Configuration default]</Message>
      <Exception>
      </Exception>
    </LogEntry>
    <LogEntry>
      <Type>Info</Type>
      <DateTime>26.02.2012 15:00:38</DateTime>
      <Message>Completed : Processing external makefile settings [Configuration default]</Message>
      <Exception>
      </Exception>
    </LogEntry>
    <LogEntry>
      <Type>Info</Type>
      <DateTime>26.02.2012 15:00:38</DateTime>
      <Message>Started : Processing File level Toolchain settings from Source Project [Configuration default]</Message>
      <Exception>
      </Exception>
    </LogEntry>
    <LogEntry>
      <Type>Info</Type>
      <DateTime>26.02.2012 15:00:38</DateTime>
      <Message>Completed : Processing File level Toolchain settings from Source Project [Configuration default]</Message>
      <Exception>
      </Exception>
    </LogEntry>
    <LogEntry>
      <Type>Info</Type>
      <DateTime>26.02.2012 15:00:38</DateTime>
      <Message>Started : Processing Pre/Post Build event settings from source project [Configuration default]</Message>
      <Exception>
      </Exception>
    </LogEntry>
    <LogEntry>
      <Type>Warning</Type>
      <DateTime>26.02.2012 15:00:38</DateTime>
      <Message>Skipped reading Pre/Post build event settings from source project. It is either invalid or not provided.</Message>
      <Exception>
      </Exception>
    </LogEntry>
    <LogEntry>
      <Type>Info</Type>
      <DateTime>26.02.2012 15:00:38</DateTime>
      <Message>Completed : Processing Pre/Post Build event settings from source project [Configuration default]</Message>
      <Exception>
      </Exception>
    </LogEntry>
    <LogEntry>
      <Type>Info</Type>
      <DateTime>26.02.2012 15:00:38</DateTime>
      <Message>Started : Create AVR Studio 5 Project</Message>
      <Exception>
      </Exception>
    </LogEntry>
    <LogEntry>
      <Type>Info</Type>
      <DateTime>26.02.2012 15:00:38</DateTime>
      <Message>Completed : Create AVR Studio 5 Project</Message>
      <Exception>
      </Exception>
    </LogEntry>
    <LogEntry>
      <Type>Info</Type>
      <DateTime>26.02.2012 15:00:38</DateTime>
      <Message>Started : Updating AVR Studio 5 GeneralSettings</Message>
      <Exception>
      </Exception>
    </LogEntry>
    <LogEntry>
      <Type>Info</Type>
      <DateTime>26.02.2012 15:00:39</DateTime>
      <Message>Completed : Updating AVR Studio 5 GeneralSettings</Message>
      <Exception>
      </Exception>
    </LogEntry>
    <LogEntry>
      <Type>Info</Type>
      <DateTime>26.02.2012 15:00:39</DateTime>
      <Message>Started : Updating AVR Studio 5 FileInformation</Message>
      <Exception>
      </Exception>
    </LogEntry>
    <LogEntry>
      <Type>Info</Type>
      <DateTime>26.02.2012 15:00:39</DateTime>
      <Message>Completed : Updating AVR Studio 5 FileInformation</Message>
      <Exception>
      </Exception>
    </LogEntry>
    <LogEntry>
      <Type>Info</Type>
      <DateTime>26.02.2012 15:00:39</DateTime>
      <Message>Started : Copying Files</Message>
      <Exception>
      </Exception>
    </LogEntry>
    <LogEntry>
      <Type>Info</Type>
      <DateTime>26.02.2012 15:00:39</DateTime>
      <Message>Completed : Copying Files</Message>
      <Exception>
      </Exception>
    </LogEntry>
    <LogEntry>
      <Type>Info</Type>
      <DateTime>26.02.2012 15:00:39</DateTime>
      <Message>Started : Saving AVR Studio 5 Solution</Message>
      <Exception>
      </Exception>
    </LogEntry>
    <LogEntry>
      <Type>Info</Type>
      <DateTime>26.02.2012 15:00:40</DateTime>
      <Message>Completed : Saving AVR Studio 5 Solution</Message>
      <Exception>
      </Exception>
    </LogEntry>
    <LogEntry>
      <Type>Info</Type>
      <DateTime>26.02.2012 15:00:40</DateTime>
      <Message>Started : Updating Configurations In AVR Studio 5 Project</Message>
      <Exception>
      </Exception>
    </LogEntry>
    <LogEntry>
      <Type>Info</Type>
      <DateTime>26.02.2012 15:00:40</DateTime>
      <Message>Completed : Updating Configurations In AVR Studio 5 Project</Message>
      <Exception>
      </Exception>
    </LogEntry>
    <LogEntry>
      <Type>Info</Type>
      <DateTime>26.02.2012 15:00:40</DateTime>
      <Message>Started : Updating Build Dependencies in AVR Studio 5 Solution for the project</Message>
      <Exception>
      </Exception>
    </LogEntry>
    <LogEntry>
      <Type>Info</Type>
      <DateTime>26.02.2012 15:00:40</DateTime>
      <Message>Completed : Updating Build Dependencies in AVR Studio 5 Solution for the project</Message>
      <Exception>
      </Exception>
    </LogEntry>
    <LogEntry>
      <Type>Info</Type>
      <DateTime>26.02.2012 15:00:40</DateTime>
      <Message>Started : Updating ProjectLevelToolchainSettings In AVR Studio 5 Project</Message>
      <Exception>
      </Exception>
    </LogEntry>
    <LogEntry>
      <Type>Info</Type>
      <DateTime>26.02.2012 15:00:40</DateTime>
      <Message>Completed : Updating ProjectLevelToolchainSettings In AVR Studio 5 Project</Message>
      <Exception>
      </Exception>
    </LogEntry>
    <LogEntry>
      <Type>Info</Type>
      <DateTime>26.02.2012 15:00:40</DateTime>
      <Message>Started : Updating ToolChainSettings In AVR Studio 5 Project [Configuration default]</Message>
      <Exception>
      </Exception>
    </LogEntry>
    <LogEntry>
      <Type>Info</Type>
      <DateTime>26.02.2012 15:00:40</DateTime>
      <Message>Completed : Updating ToolChainSettings In AVR Studio 5 Project [Configuration default]</Message>
      <Exception>
      </Exception>
    </LogEntry>
    <LogEntry>
      <Type>Info</Type>
      <DateTime>26.02.2012 15:00:40</DateTime>
      <Message>Started : Updating FileLevelSettings In AVR Studio 5 Project [Configuration default]</Message>
      <Exception>
      </Exception>
    </LogEntry>
    <LogEntry>
      <Type>Info</Type>
      <DateTime>26.02.2012 15:00:40</DateTime>
      <Message>Completed : Updating FileLevelSettings In AVR Studio 5 Project [Configuration default]</Message>
      <Exception>
      </Exception>
    </LogEntry>
    <LogEntry>
      <Type>Info</Type>
      <DateTime>26.02.2012 15:00:40</DateTime>
      <Message>Started : Updating ExternalMakeFileSettings In AVR Studio 5 Project [Configuration default]</Message>
      <Exception>
      </Exception>
    </LogEntry>
    <LogEntry>
      <Type>Info</Type>
      <DateTime>26.02.2012 15:00:40</DateTime>
      <Message>Completed : Updating ExternalMakeFileSettings In AVR Studio 5 Project [Configuration default]</Message>
      <Exception>
      </Exception>
    </LogEntry>
    <LogEntry>
      <Type>Info</Type>
      <DateTime>26.02.2012 15:00:40</DateTime>
      <Message>Started : Updating BuildEvents In AVR Studio 5 Project [Configuration default]</Message>
      <Exception>
      </Exception>
    </LogEntry>
    <LogEntry>
      <Type>Info</Type>
      <DateTime>26.02.2012 15:00:40</DateTime>
      <Message>Completed : Updating BuildEvents In AVR Studio 5 Project [Configuration default]</Message>
      <Exception>
      </Exception>
    </LogEntry>
    <LogEntry>
      <Type>Success</Type>
      <DateTime>26.02.2012 15:00:40</DateTime>
      <Message>AVR Studio 5 Project Created Successfully</Message>
      <Exception>
      </Exception>
    </LogEntry>
  </Project>
</ConversionLog>